/*Contains Data for Tables:
    Course
    Course_DegreeProgram
    CourseOutcome
    StudentOutcome_CourseOutcome    */

/*Course*/
INSERT INTO Course(id, name, courseCoordinatorUsername, alternateCourseCoordinatorUsername) VALUES ('CSE101', 'Introduction to Computers and Information Technologies ', 'sskiena', null);
INSERT INTO Course(id, name, courseCoordinatorUsername, alternateCourseCoordinatorUsername) VALUES ('CSE102', 'Introduction to Web Design and Programming  ', 'aesmaili', null);
INSERT INTO Course(id, name, courseCoordinatorUsername, alternateCourseCoordinatorUsername) VALUES ('CSE110', 'Introduction to Computer Science  ', 'ghart', null);
INSERT INTO Course(id, name, courseCoordinatorUsername, alternateCourseCoordinatorUsername) VALUES ('CSE114', 'Computer Science I ', 'rkelly', null);
INSERT INTO Course(id, name, courseCoordinatorUsername, alternateCourseCoordinatorUsername) VALUES ('CSE130', 'Introduction to Programming in C  ', 'ezadok', null);
INSERT INTO Course(id, name, courseCoordinatorUsername, alternateCourseCoordinatorUsername) VALUES ('CSE150', 'Foundations of Computer Science - Honors ', 'lbachmair', null);
INSERT INTO Course(id, name, courseCoordinatorUsername, alternateCourseCoordinatorUsername) VALUES ('CSE160', 'Computer Science A: Honors ', 'estark', null);
INSERT INTO Course(id, name, courseCoordinatorUsername, alternateCourseCoordinatorUsername) VALUES ('CSE214', 'Computer Science II ', 'rmckenna', null);
INSERT INTO Course(id, name, courseCoordinatorUsername, alternateCourseCoordinatorUsername) VALUES ('CSE215', 'Foundations of Computer Science ', 'lbachmair', null);
INSERT INTO Course(id, name, courseCoordinatorUsername, alternateCourseCoordinatorUsername) VALUES ('CSE219', 'Computer Science III ', 'cramakrishnan', null);
INSERT INTO Course(id, name, courseCoordinatorUsername, alternateCourseCoordinatorUsername) VALUES ('CSE220', 'Systems-Level Programming ', 'jwong', null);
INSERT INTO Course(id, name, courseCoordinatorUsername, alternateCourseCoordinatorUsername) VALUES ('CSE230', 'Intermediate Programming in C and C++  ', 'ezadok', null);
INSERT INTO Course(id, name, courseCoordinatorUsername, alternateCourseCoordinatorUsername) VALUES ('CSE260', 'Computer Science B: Honors  ', 'estark', null);
INSERT INTO Course(id, name, courseCoordinatorUsername, alternateCourseCoordinatorUsername) VALUES ('CSE300', 'Technical Communications ', 'dwarren', null);
INSERT INTO Course(id, name, courseCoordinatorUsername, alternateCourseCoordinatorUsername) VALUES ('CSE301-H', 'History of Computing ', 'rmckenna', null);
INSERT INTO Course(id, name, courseCoordinatorUsername, alternateCourseCoordinatorUsername) VALUES ('CSE302', 'Professional Ethics for Computer Science ', 'rkelly', null);
INSERT INTO Course(id, name, courseCoordinatorUsername, alternateCourseCoordinatorUsername) VALUES ('CSE303', 'Introduction to the Theory of Computation  ', 'kko', null);
INSERT INTO Course(id, name, courseCoordinatorUsername, alternateCourseCoordinatorUsername) VALUES ('CSE304', 'Compiler Design ', 'rgrosu', null);
INSERT INTO Course(id, name, courseCoordinatorUsername, alternateCourseCoordinatorUsername) VALUES ('CSE305', 'Principles of Database Systems ', 'hgupta', null);
INSERT INTO Course(id, name, courseCoordinatorUsername, alternateCourseCoordinatorUsername) VALUES ('CSE306', 'Operating Systems ', 'mkifer', null);
INSERT INTO Course(id, name, courseCoordinatorUsername, alternateCourseCoordinatorUsername) VALUES ('CSE307', 'Principles of Programming Languages  ', 'cramakrishnan', null);
INSERT INTO Course(id, name, courseCoordinatorUsername, alternateCourseCoordinatorUsername) VALUES ('CSE308', 'Software Engineering  ', 'sstoller', null);
INSERT INTO Course(id, name, courseCoordinatorUsername, alternateCourseCoordinatorUsername) VALUES ('CSE310', 'Computer Networks ', 'sdas', null);
INSERT INTO Course(id, name, courseCoordinatorUsername, alternateCourseCoordinatorUsername) VALUES ('CSE311', 'Systems Administration ', 'ezadok', null);
INSERT INTO Course(id, name, courseCoordinatorUsername, alternateCourseCoordinatorUsername) VALUES ('CSE312', 'Legal, Social, and Ethical Issues in Information Systems ', 'rkelly', null);
INSERT INTO Course(id, name, courseCoordinatorUsername, alternateCourseCoordinatorUsername) VALUES ('CSE315', 'Database Transaction Processing Systems ', 'rgrosu', null);
INSERT INTO Course(id, name, courseCoordinatorUsername, alternateCourseCoordinatorUsername) VALUES ('CSE320', 'Computer Organization and Architecture', 'jwong', null);
INSERT INTO Course(id, name, courseCoordinatorUsername, alternateCourseCoordinatorUsername) VALUES ('CSE323', 'Human-Computer Interaction', 'tscarlatos', null);
INSERT INTO Course(id, name, courseCoordinatorUsername, alternateCourseCoordinatorUsername) VALUES ('CSE325', 'Computers and Sculpture ', null, null);
INSERT INTO Course(id, name, courseCoordinatorUsername, alternateCourseCoordinatorUsername) VALUES ('CSE326', 'Fundamentals of Digital Image Processing', 'dsamaras', null);
INSERT INTO Course(id, name, courseCoordinatorUsername, alternateCourseCoordinatorUsername) VALUES ('CSE327', 'Fundamentals of Computer Vision ', 'dsamaras', null);
INSERT INTO Course(id, name, courseCoordinatorUsername, alternateCourseCoordinatorUsername) VALUES ('CSE328', 'Fundamentals of Computer Graphics ', 'hqin', null);
INSERT INTO Course(id, name, courseCoordinatorUsername, alternateCourseCoordinatorUsername) VALUES ('CSE332', 'Introduction to Visualization ', 'kmueller', null);
INSERT INTO Course(id, name, courseCoordinatorUsername, alternateCourseCoordinatorUsername) VALUES ('CSE333', 'User Interface Development ', 'rkelly', null);
INSERT INTO Course(id, name, courseCoordinatorUsername, alternateCourseCoordinatorUsername) VALUES ('CSE334', 'Introduction to Multimedia Systems ', 'tscarlatos', null);
INSERT INTO Course(id, name, courseCoordinatorUsername, alternateCourseCoordinatorUsername) VALUES ('CSE336', 'Internet Programming ', 'rkelly', null);
INSERT INTO Course(id, name, courseCoordinatorUsername, alternateCourseCoordinatorUsername) VALUES ('CSE337', 'Scripting Languages', 'lbachmair', null);
INSERT INTO Course(id, name, courseCoordinatorUsername, alternateCourseCoordinatorUsername) VALUES ('ESE346/CSE346', 'Computer Communications ', 'trobertazzi', null);
INSERT INTO Course(id, name, courseCoordinatorUsername, alternateCourseCoordinatorUsername) VALUES ('CSE350', 'Theory of Computation: Honors ', null, null);
INSERT INTO Course(id, name, courseCoordinatorUsername, alternateCourseCoordinatorUsername) VALUES ('CSE352', 'Artificial Intelligence ', 'awasilewska', null);
INSERT INTO Course(id, name, courseCoordinatorUsername, alternateCourseCoordinatorUsername) VALUES ('CSE353', 'Machine Learning ', null, null);
INSERT INTO Course(id, name, courseCoordinatorUsername, alternateCourseCoordinatorUsername) VALUES ('CSE355', 'Computational Geometry ', 'jmitchell', null);
INSERT INTO Course(id, name, courseCoordinatorUsername, alternateCourseCoordinatorUsername) VALUES ('CSE364', 'Advanced Multimedia Techniques ', null, null);
INSERT INTO Course(id, name, courseCoordinatorUsername, alternateCourseCoordinatorUsername) VALUES ('CSE366', 'Introduction to Virtual Reality', 'kmueller', null);
INSERT INTO Course(id, name, courseCoordinatorUsername, alternateCourseCoordinatorUsername) VALUES ('CSE370', 'Wireless and Mobile Networking', 'sdas', null);
INSERT INTO Course(id, name, courseCoordinatorUsername, alternateCourseCoordinatorUsername) VALUES ('CSE371', 'Logic', 'awasilewska', null);
INSERT INTO Course(id, name, courseCoordinatorUsername, alternateCourseCoordinatorUsername) VALUES ('CSE373', 'Analysis of Algorithms', 'sskiena', null);
INSERT INTO Course(id, name, courseCoordinatorUsername, alternateCourseCoordinatorUsername) VALUES ('CSE375', 'Concurrency', 'ssmolka', null);
INSERT INTO Course(id, name, courseCoordinatorUsername, alternateCourseCoordinatorUsername) VALUES ('CSE376', 'Advanced Systems Programming in Unix/C', 'ezadok', null);
INSERT INTO Course(id, name, courseCoordinatorUsername, alternateCourseCoordinatorUsername) VALUES ('CSE377', 'Introduction to Medical Imaging', 'kmueller', null);
INSERT INTO Course(id, name, courseCoordinatorUsername, alternateCourseCoordinatorUsername) VALUES ('CSE378', 'Introduction to Robotics', 'dsamaras', null);
INSERT INTO Course(id, name, courseCoordinatorUsername, alternateCourseCoordinatorUsername) VALUES ('CSE380', 'Computer Game Programming', 'rmckenna', null);
INSERT INTO Course(id, name, courseCoordinatorUsername, alternateCourseCoordinatorUsername) VALUES ('CSE381', 'Advanced Game Programming', 'rmckenna', null);
INSERT INTO Course(id, name, courseCoordinatorUsername, alternateCourseCoordinatorUsername) VALUES ('CSE408', 'Network Security', 'rsekar', null);
INSERT INTO Course(id, name, courseCoordinatorUsername, alternateCourseCoordinatorUsername) VALUES ('CSE409', 'Computer System Security', 'rsekar', null);
INSERT INTO Course(id, name, courseCoordinatorUsername, alternateCourseCoordinatorUsername) VALUES ('CSE475', 'Undergraduate Teaching Practicum', 'lbachmair', null);
INSERT INTO Course(id, name, courseCoordinatorUsername, alternateCourseCoordinatorUsername) VALUES ('CSE487', 'Research in Computer Science', 'hgupta', null);
INSERT INTO Course(id, name, courseCoordinatorUsername, alternateCourseCoordinatorUsername) VALUES ('CSE488', 'Internship in Computer Science', 'rkelly', null);
INSERT INTO Course(id, name, courseCoordinatorUsername, alternateCourseCoordinatorUsername) VALUES ('CSE495', 'Senior Honors Research Project I', 'rjohnson', null);
INSERT INTO Course(id, name, courseCoordinatorUsername, alternateCourseCoordinatorUsername) VALUES ('CSE496', 'Senior Honors Research Project II', 'rjohnson', null);

/*Course_DegreeProgram*/

/*CourseOutcome*/
INSERT INTO CourseOutcome(sequenceNumber, description, courseId) VALUES ('0', 'Provide a conceptual understanding of how computer hardware and software work.', 'CSE101');
INSERT INTO CourseOutcome(sequenceNumber, description, courseId) VALUES ('1', 'Introduce students to important classes of software applications such as text editors, spreadsheets, and databases.', 'CSE101');
INSERT INTO CourseOutcome(sequenceNumber, description, courseId) VALUES ('2', 'Explain the basic architecture and technologies of the Internet.', 'CSE101');
INSERT INTO CourseOutcome(sequenceNumber, description, courseId) VALUES ('3', 'Develop the students ability to create Web pages using validated XHTML standards.', 'CSE102');
INSERT INTO CourseOutcome(sequenceNumber, description, courseId) VALUES ('4', 'Introduce the students to the use of Cascading Style Sheets for formatting the presentation of Web pages, and the principles of what makes good Web page style.', 'CSE102');
INSERT INTO CourseOutcome(sequenceNumber, description, courseId) VALUES ('5', 'Introduce the students to effective page layout principles and the use of CSS positioning for effective Web page layout.', 'CSE102');
INSERT INTO CourseOutcome(sequenceNumber, description, courseId) VALUES ('6', 'Introduce the students to WYSIWYG tools for creating well designed and organized Web sites.', 'CSE102');
INSERT INTO CourseOutcome(sequenceNumber, description, courseId) VALUES ('7', 'Develop basic programming concepts including assignments, conditionals, loops, subroutines and common data types in a high-level programming language.', 'CSE110');
INSERT INTO CourseOutcome(sequenceNumber, description, courseId) VALUES ('8', 'Survey key subjects of computer science, such as algorithmic problem solving, computer organization, and the role of operating systems & compilers.', 'CSE110');
INSERT INTO CourseOutcome(sequenceNumber, description, courseId) VALUES ('9', 'Expose students to the Social and ethical issues of computing as a professional discipline.', 'CSE110');
INSERT INTO CourseOutcome(sequenceNumber, description, courseId) VALUES ('10', 'An ability to program in an object oriented  language, using concepts such as object classes, encapsulation, inheritance,  and polymorphism.', 'CSE114');
INSERT INTO CourseOutcome(sequenceNumber, description, courseId) VALUES ('11', 'An ability to use fundamental data structures  such as arrays.', 'CSE114');
INSERT INTO CourseOutcome(sequenceNumber, description, courseId) VALUES ('12', 'An ability to program with sound code structure  and use systematic software debugging and testing techniques.', 'CSE114');
INSERT INTO CourseOutcome(sequenceNumber, description, courseId) VALUES ('13', 'Write, compile and run (on his or her own) 8-10 computer programs in C that utilize basic features of the programming language to solve various introductory problems from mathematics, the sciences and text processing.', 'CSE130');
INSERT INTO CourseOutcome(sequenceNumber, description, courseId) VALUES ('14', 'Determine if any elementary C program is correct given some initial input, and if not, demonstrate where to find the computational error(s).', 'CSE130');
INSERT INTO CourseOutcome(sequenceNumber, description, courseId) VALUES ('15', 'Write small programs in an exam environment to demonstrate his or her problem-solving abilities and proficiency with the language syntax.', 'CSE130');
INSERT INTO CourseOutcome(sequenceNumber, description, courseId) VALUES ('16', 'An ability to use logic and basic proof  techniques, such as mathematical induction.', 'CSE150');
INSERT INTO CourseOutcome(sequenceNumber, description, courseId) VALUES ('17', 'An ability to program in an object oriented language, using concepts such as object classes, encapsulation, inheritance, and polymorphism.', 'CSE160');
INSERT INTO CourseOutcome(sequenceNumber, description, courseId) VALUES ('18', 'An understanding the importance of programming style and modularity to the construction and evolution of robust software.', 'CSE160');
INSERT INTO CourseOutcome(sequenceNumber, description, courseId) VALUES ('19', 'An ability to use programming tools such as syntax-directed editors, debuggers, documentation generators and testing frameworks.', 'CSE160');
INSERT INTO CourseOutcome(sequenceNumber, description, courseId) VALUES ('20', 'An ability to construct software modules consisting of several hundred lines of code.', 'CSE160');
INSERT INTO CourseOutcome(sequenceNumber, description, courseId) VALUES ('21', 'An ability to program using sophisticated features of object oriented programming.', 'CSE214');
INSERT INTO CourseOutcome(sequenceNumber, description, courseId) VALUES ('22', 'An ability to define and use data types, and use algorithmic design.', 'CSE214');
INSERT INTO CourseOutcome(sequenceNumber, description, courseId) VALUES ('23', 'An understanding of the importance of time and memory efficiency in algorithm design.', 'CSE214');
INSERT INTO CourseOutcome(sequenceNumber, description, courseId) VALUES ('25', 'An ability to define and use discrete structures such as functions, relations, and sets.', 'CSE215');
INSERT INTO CourseOutcome(sequenceNumber, description, courseId) VALUES ('26', 'An ability to use logic and basic proof techniques, such as mathematical induction.', 'CSE215');
INSERT INTO CourseOutcome(sequenceNumber, description, courseId) VALUES ('27', 'An ability to use current design principles to systematically design, code, debug, and test programs of about two thousand lines of code.', 'CSE219');
INSERT INTO CourseOutcome(sequenceNumber, description, courseId) VALUES ('28', 'An ability to use programming tools such as syntax-directed editors, debuggers, execution profilers, documentation generators, and revision-control systems.', 'CSE219');
INSERT INTO CourseOutcome(sequenceNumber, description, courseId) VALUES ('29', 'An ability to understand and develop programs in C.', 'CSE220');
INSERT INTO CourseOutcome(sequenceNumber, description, courseId) VALUES ('30', 'An ability to program in assembly language and understand the relationship to C programming.', 'CSE220');
INSERT INTO CourseOutcome(sequenceNumber, description, courseId) VALUES ('31', 'Provide a systematic introduction to the C language and C++ for students who have been previously exposed to another high-level programming language.', 'CSE230');
INSERT INTO CourseOutcome(sequenceNumber, description, courseId) VALUES ('32', 'Introduce aspects of the UNIX operating system relevant to developing C programs, such as utilities, system calls, and standard libraries  .', 'CSE230');
INSERT INTO CourseOutcome(sequenceNumber, description, courseId) VALUES ('33', 'An ability to apply techniques of object-oriented programming in the context of large-scale programs.', 'CSE260');
INSERT INTO CourseOutcome(sequenceNumber, description, courseId) VALUES ('34', 'An understanding of the importance of time and memory efficiency in algorithm and data structure design.', 'CSE260');
INSERT INTO CourseOutcome(sequenceNumber, description, courseId) VALUES ('35', 'An ability to use recursion to solve programming problems.', 'CSE260');
INSERT INTO CourseOutcome(sequenceNumber, description, courseId) VALUES ('36', 'An ability to use programming tools such as syntax-directed editors, debuggers, execution profilers, documentation generators, and revision-control systems.', 'CSE260');
INSERT INTO CourseOutcome(sequenceNumber, description, courseId) VALUES ('37', 'An ability to produce effective written communications and reports.', 'CSE300');
INSERT INTO CourseOutcome(sequenceNumber, description, courseId) VALUES ('38', 'An ability to give effective oral presentations.', 'CSE300');
INSERT INTO CourseOutcome(sequenceNumber, description, courseId) VALUES ('39', 'To study the historical, political, and social events that led to the development of modern computational devices.', 'CSE301-H');
INSERT INTO CourseOutcome(sequenceNumber, description, courseId) VALUES ('40', 'To examine the lives of some of the most influential inventors, thinkers and entrepreneurs of the computer revolution.', 'CSE301-H');
INSERT INTO CourseOutcome(sequenceNumber, description, courseId) VALUES ('41', 'To understand how computer hardware and software evolved based on social and economic forces in the 20th century.', 'CSE301-H');
INSERT INTO CourseOutcome(sequenceNumber, description, courseId) VALUES ('42', 'To consider current social, legal and ethical issues in computer science and determine the factors that led to these modern problems.', 'CSE301-H');
INSERT INTO CourseOutcome(sequenceNumber, description, courseId) VALUES ('44', 'Students understand and can apply professional ethics.', 'CSE302');
INSERT INTO CourseOutcome(sequenceNumber, description, courseId) VALUES ('45', 'Students are aware of themselves as members of a profession, with shared community principles.', 'CSE302');
INSERT INTO CourseOutcome(sequenceNumber, description, courseId) VALUES ('46', 'Students are aware of the ethical implications of their professional choices, and of the communities (employer, customers, society at large) whose interests they serve.', 'CSE302');
INSERT INTO CourseOutcome(sequenceNumber, description, courseId) VALUES ('47', 'Students can apply ethical principles to resolve situations that arise in their professional lives.', 'CSE302');
INSERT INTO CourseOutcome(sequenceNumber, description, courseId) VALUES ('48', 'Students know of professional organizations that can help them deal with professional issues.', 'CSE302');
INSERT INTO CourseOutcome(sequenceNumber, description, courseId) VALUES ('49', 'An ability to define and use abstract models of computation such as finite and push-down automata, and analyze their relative expressive power.', 'CSE303');
INSERT INTO CourseOutcome(sequenceNumber, description, courseId) VALUES ('50', 'An ability to define, use, and convert between abstract machine models and formal languages.', 'CSE303');
INSERT INTO CourseOutcome(sequenceNumber, description, courseId) VALUES ('51', 'Knowledge of the power and inherent limitations of algorithmic computation.', 'CSE303');
INSERT INTO CourseOutcome(sequenceNumber, description, courseId) VALUES ('52', 'An ability to use of formal attributed grammars for specifying the syntax and semantics of programming languages.', 'CSE304');
INSERT INTO CourseOutcome(sequenceNumber, description, courseId) VALUES ('53', 'Working knowledge of the major phases of compilation, particularly lexical analysis, parsing, semantic analysis, and code generation.', 'CSE304');
INSERT INTO CourseOutcome(sequenceNumber, description, courseId) VALUES ('54', 'An ability to design and implement a significant portion of a compiler for a language chosen by the instructor.', 'CSE304');
INSERT INTO CourseOutcome(sequenceNumber, description, courseId) VALUES ('55', 'An ability to design database management systems through E/R design and the theory of normalization.', 'CSE305');
INSERT INTO CourseOutcome(sequenceNumber, description, courseId) VALUES ('56', 'An ability to use relational query languages.', 'CSE305');
INSERT INTO CourseOutcome(sequenceNumber, description, courseId) VALUES ('57', 'Knowledge of fundamental concepts underlying modern operating systems, including virtual memory and multiprogramming.', 'CSE306');
INSERT INTO CourseOutcome(sequenceNumber, description, courseId) VALUES ('58', 'Working knowledge of the components of operating systems, including file systems, the I/O subsystem, and the CPU scheduler.', 'CSE306');
INSERT INTO CourseOutcome(sequenceNumber, description, courseId) VALUES ('59', 'An ability to design and implement simplified versions of the main modules of operating systems.', 'CSE306');
INSERT INTO CourseOutcome(sequenceNumber, description, courseId) VALUES ('60', 'Knowledge of, and ability to use, language features used in current programming languages.', 'CSE307');
INSERT INTO CourseOutcome(sequenceNumber, description, courseId) VALUES ('61', 'An ability to program in different language paradigms and evaluate their relative benefits.', 'CSE307');
INSERT INTO CourseOutcome(sequenceNumber, description, courseId) VALUES ('62', 'An understanding of the key concepts in the implementation of common features of programming languages.', 'CSE307');
INSERT INTO CourseOutcome(sequenceNumber, description, courseId) VALUES ('63', 'An ability to perform project planning, requirements analysis, and system/test design.', 'CSE308');
INSERT INTO CourseOutcome(sequenceNumber, description, courseId) VALUES ('64', 'An ability to work as a team to produce software systems that meet specifications while satisfying an implementation schedule.', 'CSE308');
INSERT INTO CourseOutcome(sequenceNumber, description, courseId) VALUES ('65', 'An ability to produce professional quality oral/written presentations of system designs, reviews, and project demonstrations.', 'CSE308');
INSERT INTO CourseOutcome(sequenceNumber, description, courseId) VALUES ('66', 'An understanding of ethical issues in software design and computing.', 'CSE308');
INSERT INTO CourseOutcome(sequenceNumber, description, courseId) VALUES ('67', 'Knowledge of the conceptual foundations of computer network and layered protocol architecture.', 'CSE310');
INSERT INTO CourseOutcome(sequenceNumber, description, courseId) VALUES ('68', 'Knowledge of different types of computer networks, such as WANs, LANs, wireless networks, and circuit-packet-switched networks, and between different paradigms of network applications (peer-to-peer/client-server).', 'CSE310');
INSERT INTO CourseOutcome(sequenceNumber, description, courseId) VALUES ('69', 'Ability to use current network programming technology.', 'CSE310');
INSERT INTO CourseOutcome(sequenceNumber, description, courseId) VALUES ('70', 'Students will learn how to install computers for assorted hardware and software platforms (Windows, Unix/Linux, OS-X).', 'CSE311');
INSERT INTO CourseOutcome(sequenceNumber, description, courseId) VALUES ('72', 'An understanding of how computing and information systems give rise to social issues and ethical dilemmas.', 'CSE312');
INSERT INTO CourseOutcome(sequenceNumber, description, courseId) VALUES ('73', 'An understanding of the properties of transactions such as serializability, recoverability, atomicity and durability and their implications for system behavior and performance.', 'CSE315');
INSERT INTO CourseOutcome(sequenceNumber, description, courseId) VALUES ('74', 'Working knowledge of transaction processing in modern relational database systems, such as concurrency control and logging.', 'CSE315');
INSERT INTO CourseOutcome(sequenceNumber, description, courseId) VALUES ('75', 'An understanding of the architecture of modern transaction processing systems and how communication, security, atomicity, and replication are implemented in a distributed environment.', 'CSE315');
INSERT INTO CourseOutcome(sequenceNumber, description, courseId) VALUES ('76', 'An understanding of processor organization and the memory hierarchy.', 'CSE320');
INSERT INTO CourseOutcome(sequenceNumber, description, courseId) VALUES ('77', 'An understanding of the design principles of instruction set architecture in terms of the programming flexibility, hardware complexity, and implementation efficiency of complex versus reduced instruction set computers.', 'CSE320');
INSERT INTO CourseOutcome(sequenceNumber, description, courseId) VALUES ('78', 'Knowledge of implementation techniques such as computer arithmetic, memory hierarchy, pipelining, and disk I/O.', 'CSE320');
INSERT INTO CourseOutcome(sequenceNumber, description, courseId) VALUES ('79', 'An understanding of the terminology and methods used in HCI.', 'CSE323');
INSERT INTO CourseOutcome(sequenceNumber, description, courseId) VALUES ('80', 'An understanding of users needs, requirements and abilities.', 'CSE323');
INSERT INTO CourseOutcome(sequenceNumber, description, courseId) VALUES ('81', 'An understanding of the range of possibilities for human-computer interaction.', 'CSE323');
INSERT INTO CourseOutcome(sequenceNumber, description, courseId) VALUES ('82', 'An ability to design applications and services that are user-centered.', 'CSE323');
INSERT INTO CourseOutcome(sequenceNumber, description, courseId) VALUES ('83', 'An ability to use current software tools and hardware technologies for designing and fabricating 3D sculpture.', 'CSE325');
INSERT INTO CourseOutcome(sequenceNumber, description, courseId) VALUES ('84', 'An understanding of  the geometric ideas of pattern and structure, such as fractals, symmetry, polyhedra, surfaces, and non-Euclidean geometry.', 'CSE325');
INSERT INTO CourseOutcome(sequenceNumber, description, courseId) VALUES ('85', 'An ability to create their own individual or group sculpture projects.', 'CSE325');
INSERT INTO CourseOutcome(sequenceNumber, description, courseId) VALUES ('86', 'An ability to design algorithms for manipulating images, such as enhancement and restoration, image compression, recognition and interpretation.', 'CSE326');
INSERT INTO CourseOutcome(sequenceNumber, description, courseId) VALUES ('87', 'A working knowledge of transformation methods for image processing.', 'CSE326');
INSERT INTO CourseOutcome(sequenceNumber, description, courseId) VALUES ('88', 'A working knowledge of contemporary image formats and libraries..', 'CSE326');
INSERT INTO CourseOutcome(sequenceNumber, description, courseId) VALUES ('89', 'Working knowledge of fundamental concepts and computational techniques in visual information processing.', 'CSE327');
INSERT INTO CourseOutcome(sequenceNumber, description, courseId) VALUES ('90', 'An ability to design algorithms for understanding images and video, such as segmentation, edge detection, and reflectance analysis..', 'CSE327');
INSERT INTO CourseOutcome(sequenceNumber, description, courseId) VALUES ('91', 'Working knowledge of fundamental hardware and software concepts of interactive computer graphics such as raster displays, color systems, processor architectures and displays.', 'CSE328');
INSERT INTO CourseOutcome(sequenceNumber, description, courseId) VALUES ('92', 'An understanding of the mathematics of geometric transformations as applied to two and three-dimensional graphics.', 'CSE328');
INSERT INTO CourseOutcome(sequenceNumber, description, courseId) VALUES ('93', 'An ability for graphics application programming through projects using standard graphics libraries.', 'CSE328');
INSERT INTO CourseOutcome(sequenceNumber, description, courseId) VALUES ('94', 'An ability to transform numerical datasets from science and medicine into understandable visual representations.', 'CSE332');
INSERT INTO CourseOutcome(sequenceNumber, description, courseId) VALUES ('95', 'An understanding of the issues associated with digital image quality (e.g. sampling artifacts) and algorithms for performing basic image manipulation operations such as filtering, re-sampling, and intensity transformation.', 'CSE332');
INSERT INTO CourseOutcome(sequenceNumber, description, courseId) VALUES ('97', 'Working knowledge of methods (including graphical user interfaces) for the visualization of three-dimensional data sets.', 'CSE332');
INSERT INTO CourseOutcome(sequenceNumber, description, courseId) VALUES ('98', ' An ability to develop high-quality user interfaces for desktop, web-based, and mobile interactive systems.', 'CSE333');
INSERT INTO CourseOutcome(sequenceNumber, description, courseId) VALUES ('99', 'An understanding of multimedia standards and their perceptual limitations.', 'CSE334');
INSERT INTO CourseOutcome(sequenceNumber, description, courseId) VALUES ('100', 'An understanding of the issues in software architecture design for Internet Commerce applications.', 'CSE336');
INSERT INTO CourseOutcome(sequenceNumber, description, courseId) VALUES ('101', 'After this course, students can read and maintain existing scripting programs, can effectively utilize and compose common command-line utilities, can effectively utilize scripting to new situations, namely: can identify and determine if scripting is suitable given a software requirement specification, can analyze the requirement specification, design, and implement moderately-sized scripting programs.', 'CSE337');
INSERT INTO CourseOutcome(sequenceNumber, description, courseId) VALUES ('102', 'Basic principles of computer communications.', 'ESE346/CSE346');
INSERT INTO CourseOutcome(sequenceNumber, description, courseId) VALUES ('103', 'Introduction to performance evaluation of protocols.', 'ESE346/CSE346');
INSERT INTO CourseOutcome(sequenceNumber, description, courseId) VALUES ('104', 'Protocols covered include those for local, metropolitan and wide area networks.', 'ESE346/CSE346');
INSERT INTO CourseOutcome(sequenceNumber, description, courseId) VALUES ('105', 'Introduction to routing, high speed packet switching, circuit switching and optical data transport.', 'ESE346/CSE346');
INSERT INTO CourseOutcome(sequenceNumber, description, courseId) VALUES ('106', 'Other topics include TCP/IP, Internet, web server design, network security and grid computing.', 'ESE346/CSE346');
INSERT INTO CourseOutcome(sequenceNumber, description, courseId) VALUES ('107', 'An ability to define and use abstract models of computation such as finite and push-down automata, and analyze their relative expressive power.', 'CSE350');
INSERT INTO CourseOutcome(sequenceNumber, description, courseId) VALUES ('108', 'An ability to define, use, and convert between abstract machine models and formal languages.', 'CSE350');
INSERT INTO CourseOutcome(sequenceNumber, description, courseId) VALUES ('109', 'Knowledge of the power and inherent limitations of algorithmic computation.', 'CSE350');
INSERT INTO CourseOutcome(sequenceNumber, description, courseId) VALUES ('110', 'An understanding of the fundamentals of knowledge representation, inference and theorem proving Working knowledge of reasoning in the presence of uncertain or incomplete information using techniques from machine learning.', 'CSE352');
INSERT INTO CourseOutcome(sequenceNumber, description, courseId) VALUES ('112', 'An understanding of the fundamental algorithms and structures in computational geometry, such as convex hulls, triangulation, Voronoi diagrams, and arrangements.', 'CSE355');
INSERT INTO CourseOutcome(sequenceNumber, description, courseId) VALUES ('113', 'An ability to apply geometric algorithms in computer graphics, robotics, geographical information systems, and manufacturing.', 'CSE355');
INSERT INTO CourseOutcome(sequenceNumber, description, courseId) VALUES ('114', 'A working knowledge of  design, analysis, and implementation of computer algorithms.', 'CSE355');
INSERT INTO CourseOutcome(sequenceNumber, description, courseId) VALUES ('115', 'Upon completion of the course students should be able integrate a wide spectrum of digital media assets into an interactive web-based application that captures, retrieves, and shares data.', 'CSE364');
INSERT INTO CourseOutcome(sequenceNumber, description, courseId) VALUES ('116', 'Students should demonstrate an understanding of all phases of multimedia design, development, and implementation, including industry/commercial practices.', 'CSE364');
INSERT INTO CourseOutcome(sequenceNumber, description, courseId) VALUES ('117', 'An understanding of the  practical issues arising in the design and implementation of virtual environments.', 'CSE366');
INSERT INTO CourseOutcome(sequenceNumber, description, courseId) VALUES ('118', 'An awareness of applications of virtual and augmented reality systems in engineering, science, and medicine.', 'CSE366');
INSERT INTO CourseOutcome(sequenceNumber, description, courseId) VALUES ('119', 'Working knowledge of development techniques for virtual reality systems such as user-interaction models, human vision models, and tracking systems.', 'CSE366');
INSERT INTO CourseOutcome(sequenceNumber, description, courseId) VALUES ('120', 'An understanding of  why mobility makes network protocol design complex.', 'CSE370');
INSERT INTO CourseOutcome(sequenceNumber, description, courseId) VALUES ('121', 'An understanding of classical propositional and predicate logic, including a full development of syntax, semantics, and proof techniques.', 'CSE371');
INSERT INTO CourseOutcome(sequenceNumber, description, courseId) VALUES ('122', 'Ability to perform worst-case asymptotic algorithm analysis.', 'CSE373');
INSERT INTO CourseOutcome(sequenceNumber, description, courseId) VALUES ('123', 'An understanding of  modeling formalisms for the description of complex concurrent or asynchronous systems, as exemplified by operating systems, embedded systems, and communication systems.', 'CSE375');
INSERT INTO CourseOutcome(sequenceNumber, description, courseId) VALUES ('124', 'An ability to analyze the properties of concurrent systems such as shared resources and mutual exclusion; deadlock; fairness, safety and liveness; and message passing.', 'CSE375');
INSERT INTO CourseOutcome(sequenceNumber, description, courseId) VALUES ('125', 'An ability to use methods for implementing concurrent systems such as Java threads.', 'CSE375');
INSERT INTO CourseOutcome(sequenceNumber, description, courseId) VALUES ('126', 'An understanding of the key objectives for highly-reliable commercial-grade systems software, e.g. portability, security, and robustness.', 'CSE376');
INSERT INTO CourseOutcome(sequenceNumber, description, courseId) VALUES ('128', 'An ability to apply software development techniques for achieving these objectives using the C programming language.', 'CSE376');
INSERT INTO CourseOutcome(sequenceNumber, description, courseId) VALUES ('129', 'Working knowledge of Unix system development tools and debugging.', 'CSE376');
INSERT INTO CourseOutcome(sequenceNumber, description, courseId) VALUES ('130', 'An understanding of the mathematical, physical, and computational principles underlying modern medical imaging systems.', 'CSE377');
INSERT INTO CourseOutcome(sequenceNumber, description, courseId) VALUES ('131', 'Working knowledge of basic robotics concepts including coordinate transformation, kinematics, dynamics, sensor integration, feedback and feedforward control.', 'CSE378');
INSERT INTO CourseOutcome(sequenceNumber, description, courseId) VALUES ('132', 'An ability to integrate technologies such as multimedia, artificial intelligence, and physics modeling into a cohesive, interactive game application.', 'CSE380');
INSERT INTO CourseOutcome(sequenceNumber, description, courseId) VALUES ('133', 'An understanding of the principles of game design that make for a playable experience.', 'CSE380');
INSERT INTO CourseOutcome(sequenceNumber, description, courseId) VALUES ('134', 'An ability to use software engineering, team project management, and prototype presentation principles in a game development context.', 'CSE380');
INSERT INTO CourseOutcome(sequenceNumber, description, courseId) VALUES ('135', 'Fluency in the vocabulary of graphical and networked game programming.', 'CSE381');
INSERT INTO CourseOutcome(sequenceNumber, description, courseId) VALUES ('136', 'Fundamental knowledge of cryptographic algorithms and techniques used in network security.', 'CSE408');
INSERT INTO CourseOutcome(sequenceNumber, description, courseId) VALUES ('137', 'An understanding of fundamental concepts in security such as authentication, access control and information flow.', 'CSE409');
INSERT INTO CourseOutcome(sequenceNumber, description, courseId) VALUES ('138', 'An understanding of the mechanism and means by which these concepts are implemented in operating systems, databases and other application software.', 'CSE409');
INSERT INTO CourseOutcome(sequenceNumber, description, courseId) VALUES ('139', 'An ability to develop software that implements sample security mechanisms and services chosen by the instructor.', 'CSE409');
INSERT INTO CourseOutcome(sequenceNumber, description, courseId) VALUES ('140', 'An ability to identify security vulnerabilities in existing systems and develop means to mitigate these vulnerabilities.', 'CSE409');
INSERT INTO CourseOutcome(sequenceNumber, description, courseId) VALUES ('141', 'Provide teaching experience through recitations, laboratory supervision, and the development of assignments and projects.', 'CSE475');
INSERT INTO CourseOutcome(sequenceNumber, description, courseId) VALUES ('142', 'Develop communication skills by student and faculty interaction.', 'CSE475');
INSERT INTO CourseOutcome(sequenceNumber, description, courseId) VALUES ('143', 'Introduce students to independent research through faculty supervision.', 'CSE487');
INSERT INTO CourseOutcome(sequenceNumber, description, courseId) VALUES ('144', 'Provide a mechanism for students to explore a topic of interest in depth not otherwise possible in the undergraduate curriculum.', 'CSE487');
INSERT INTO CourseOutcome(sequenceNumber, description, courseId) VALUES ('145', 'Provide a mechanism to gain professional skills, create personal contacts, and gain first hand experience in a computing-related field.', 'CSE488');
INSERT INTO CourseOutcome(sequenceNumber, description, courseId) VALUES ('146', 'An ability to perform independent research.', 'CSE495/496');
INSERT INTO CourseOutcome(sequenceNumber, description, courseId) VALUES ('147', 'An ability to explore a topic of interest in depth not otherwise possible in the undergraduate curriculum.', 'CSE495/496');
INSERT INTO CourseOutcome(sequenceNumber, description, courseId) VALUES ('148', 'An ability to perform independent researchAn ability to explore a topic of interest in depth not otherwise possible in the undergraduate curriculum.', 'CSE495/496');
INSERT INTO CourseOutcome(sequenceNumber, description, courseId) VALUES ('149', 'An ability to compute with recursion as a basic  paradigm.', 'CSE150');
INSERT INTO CourseOutcome(sequenceNumber, description, courseId) VALUES ('150', 'An ability to define and use discrete structures  such as functions, graphs and tree.', 'CSE150');
INSERT INTO CourseOutcome(sequenceNumber, description, courseId) VALUES ('151', 'An ability to compute with recursion as a basic paradigm.', 'CSE215');
INSERT INTO CourseOutcome(sequenceNumber, description, courseId) VALUES ('152', 'An understanding the importance of programming style and modularity to the construction and evolution of robust software.', 'CSE219');
INSERT INTO CourseOutcome(sequenceNumber, description, courseId) VALUES ('153', 'An ability to apply techniques of object-oriented programming in the context of large-scale programs.', 'CSE219');
INSERT INTO CourseOutcome(sequenceNumber, description, courseId) VALUES ('154', 'Understanding of the Internet architecture and the TCP/IP protocol suite, and details of representative protocols at the application, transport network and data link layers.', 'CSE310');
INSERT INTO CourseOutcome(sequenceNumber, description, courseId) VALUES ('155', 'Install networking equipment and configure it.', 'CSE311');
INSERT INTO CourseOutcome(sequenceNumber, description, courseId) VALUES ('156', 'Install server software on several systems (e.g.web, database, mail) and configure it.', 'CSE311');
INSERT INTO CourseOutcome(sequenceNumber, description, courseId) VALUES ('157', 'Secure the network, hosts, and services, and apply system patches.', 'CSE311');
INSERT INTO CourseOutcome(sequenceNumber, description, courseId) VALUES ('158', 'Set up redundant computing services, virtual machines/services, and hardware so that services can survive some hardware/software failures.', 'CSE311');
INSERT INTO CourseOutcome(sequenceNumber, description, courseId) VALUES ('159', 'Evaluate the performance, reliability, and security of the overall system.', 'CSE311');
INSERT INTO CourseOutcome(sequenceNumber, description, courseId) VALUES ('160', 'An ability to discuss the benefits offered by computing technology in many different areas and the risks and problems associated with these technologies', 'CSE312');
INSERT INTO CourseOutcome(sequenceNumber, description, courseId) VALUES ('161', 'An understanding of some social, legal, philosophical, political, constitutional, and economical issues related to computers and the historical background of these issues.', 'CSE312');
INSERT INTO CourseOutcome(sequenceNumber, description, courseId) VALUES ('162', 'An understanding of guidelines, principles, and theories of user interface design Working understanding of major interaction styles such as direct manipulation, command and natural languages, interaction devices, and collaboration.', 'CSE333');
INSERT INTO CourseOutcome(sequenceNumber, description, courseId) VALUES ('163', 'An ability to develop user interfaces using industry-standard software platforms including Windows, Java, and various web programming techniques.', 'CSE333');
INSERT INTO CourseOutcome(sequenceNumber, description, courseId) VALUES ('164', 'An understanding of usability issues.', 'CSE333');
INSERT INTO CourseOutcome(sequenceNumber, description, courseId) VALUES ('170', 'An understanding of multimedia standards and their perceptual limitations.', 'CSE334');
INSERT INTO CourseOutcome(sequenceNumber, description, courseId) VALUES ('165', 'An ability to understand and apply methods to digitize, process, compress, and encode multimedia data for a variety of delivery mechanisms.', 'CSE334');
INSERT INTO CourseOutcome(sequenceNumber, description, courseId) VALUES ('166', 'An ability to construct software systems for modeling, rendering and animating 3D objects.', 'CSE334');
INSERT INTO CourseOutcome(sequenceNumber, description, courseId) VALUES ('167', 'An ability to implement Internet applications using industry standard technologies such as HTML page templates (i.e., JSPs) and related objects (i.e., servlets and Java Beans).', 'CSE336');
INSERT INTO CourseOutcome(sequenceNumber, description, courseId) VALUES ('168', 'An understanding of aspects of XML useful in the development of Web Services applications.', 'CSE336');
INSERT INTO CourseOutcome(sequenceNumber, description, courseId) VALUES ('169', 'An understanding of semantic and syntactic concepts, e.g., truth versus proof, by exploring the soundness and completeness of calculi for these logics.', 'CSE371');
INSERT INTO CourseOutcome(sequenceNumber, description, courseId) VALUES ('171', 'An ability to apply abstract reasoning skills through experience with formal proofsA working knowledge of  non-classical logics and their use in Computer Science.', 'CSE371');
INSERT INTO CourseOutcome(sequenceNumber, description, courseId) VALUES ('172', 'Ability to define and use classical combinatorial algorithms for problems such as sorting, shortest paths and minimum spanning trees.', 'CSE373');
INSERT INTO CourseOutcome(sequenceNumber, description, courseId) VALUES ('173', 'An ability to apply techniques for the visualization, segmentation, and analysis of medical image data.', 'CSE377');
INSERT INTO CourseOutcome(sequenceNumber, description, courseId) VALUES ('174', 'An awareness of the applications of medical imaging.', 'CSE377');
INSERT INTO CourseOutcome(sequenceNumber, description, courseId) VALUES ('175', 'An understanding of the role of these concepts in mobile robot control (reactive, behavior-based, and hybrid), robot learning and multi-robot systems.', 'CSE378');
INSERT INTO CourseOutcome(sequenceNumber, description, courseId) VALUES ('176', 'Ability to construct and evaluate real robot systems in course projects and assignments.', 'CSE378');
INSERT INTO CourseOutcome(sequenceNumber, description, courseId) VALUES ('177', 'An ability to use middleware to build graphically powerful game systems.', 'CSE381');
INSERT INTO CourseOutcome(sequenceNumber, description, courseId) VALUES ('178', 'An ability to piece together various established game technologies such that they may form a cohesive unit.', 'CSE381');
INSERT INTO CourseOutcome(sequenceNumber, description, courseId) VALUES ('179', 'An ability apply cryptographic techniques in protocols and software applications to solve network security problems.', 'CSE408');
INSERT INTO CourseOutcome(sequenceNumber, description, courseId) VALUES ('180', 'An ability to demonstrate how to secure networked systems in practice.', 'CSE408');
INSERT INTO CourseOutcome(sequenceNumber, description, courseId) VALUES ('181', 'Knowledge of computational intractability and NP completeness.', 'CSE373');
INSERT INTO CourseOutcome(sequenceNumber, description, courseId) VALUES ('182', 'Knowledge of key aspects of efficient execution of high-level programs.', 'CSE220');
INSERT INTO CourseOutcome(sequenceNumber, description, courseId) VALUES ('183', 'An ability to design and implement a database system, via a significant project.', 'CSE305');
INSERT INTO CourseOutcome(sequenceNumber, description, courseId) VALUES ('184', 'An ability to write procedural programs using variable declarations, conditionals, loops, and simple method calls.', 'CSE114');

/*StudentOutcome_CourseOutcome*/
INSERT INTO StudentOutcome_CourseOutcome(id, studentOutcomeId, courseOutcomeId, rationale, assessed) VALUES ('1', 'SO-01', '25', 'rationale here', false);
INSERT INTO StudentOutcome_CourseOutcome(id, studentOutcomeId, courseOutcomeId, rationale, assessed) VALUES ('2', 'SO-01', '151', 'rationale here', false);
INSERT INTO StudentOutcome_CourseOutcome(id, studentOutcomeId, courseOutcomeId, rationale, assessed) VALUES ('3', 'SO-01', '49', 'rationale here', false);
INSERT INTO StudentOutcome_CourseOutcome(id, studentOutcomeId, courseOutcomeId, rationale, assessed) VALUES ('4', 'SO-01', '50', 'rationale here', false);
INSERT INTO StudentOutcome_CourseOutcome(id, studentOutcomeId, courseOutcomeId, rationale, assessed) VALUES ('5', 'SO-01', '51', 'rationale here', false);
INSERT INTO StudentOutcome_CourseOutcome(id, studentOutcomeId, courseOutcomeId, rationale, assessed) VALUES ('6', 'SO-01', '107', 'rationale here', false);
INSERT INTO StudentOutcome_CourseOutcome(id, studentOutcomeId, courseOutcomeId, rationale, assessed) VALUES ('7', 'SO-01', '108', 'rationale here', false);
INSERT INTO StudentOutcome_CourseOutcome(id, studentOutcomeId, courseOutcomeId, rationale, assessed) VALUES ('8', 'SO-01', '109', 'rationale here', false);
INSERT INTO StudentOutcome_CourseOutcome(id, studentOutcomeId, courseOutcomeId, rationale, assessed) VALUES ('9', 'SO-01', '172', 'rationale here', false);
INSERT INTO StudentOutcome_CourseOutcome(id, studentOutcomeId, courseOutcomeId, rationale, assessed) VALUES ('10', 'SO-02', '63', 'rationale here', false);
INSERT INTO StudentOutcome_CourseOutcome(id, studentOutcomeId, courseOutcomeId, rationale, assessed) VALUES ('11', 'SO-02', '181', 'rationale here', false);
INSERT INTO StudentOutcome_CourseOutcome(id, studentOutcomeId, courseOutcomeId, rationale, assessed) VALUES ('12', 'SO-03', '181', 'rationale here', false);
INSERT INTO StudentOutcome_CourseOutcome(id, studentOutcomeId, courseOutcomeId, rationale, assessed) VALUES ('13', 'SO-03', '10', 'rationale here', false);
INSERT INTO StudentOutcome_CourseOutcome(id, studentOutcomeId, courseOutcomeId, rationale, assessed) VALUES ('14', 'SO-03', '11', 'rationale here', false);
INSERT INTO StudentOutcome_CourseOutcome(id, studentOutcomeId, courseOutcomeId, rationale, assessed) VALUES ('15', 'SO-03', '17', 'rationale here', false);
INSERT INTO StudentOutcome_CourseOutcome(id, studentOutcomeId, courseOutcomeId, rationale, assessed) VALUES ('16', 'SO-03', '21', 'rationale here', false);
INSERT INTO StudentOutcome_CourseOutcome(id, studentOutcomeId, courseOutcomeId, rationale, assessed) VALUES ('17', 'SO-03', '22', 'rationale here', false);
INSERT INTO StudentOutcome_CourseOutcome(id, studentOutcomeId, courseOutcomeId, rationale, assessed) VALUES ('18', 'SO-03', '153', 'rationale here', false);
INSERT INTO StudentOutcome_CourseOutcome(id, studentOutcomeId, courseOutcomeId, rationale, assessed) VALUES ('19', 'SO-03', '29', 'rationale here', false);
INSERT INTO StudentOutcome_CourseOutcome(id, studentOutcomeId, courseOutcomeId, rationale, assessed) VALUES ('20', 'SO-03', '30', 'rationale here', false);
INSERT INTO StudentOutcome_CourseOutcome(id, studentOutcomeId, courseOutcomeId, rationale, assessed) VALUES ('21', 'SO-03', '182', 'rationale here', false);
INSERT INTO StudentOutcome_CourseOutcome(id, studentOutcomeId, courseOutcomeId, rationale, assessed) VALUES ('22', 'SO-03', '33', 'rationale here', false);
INSERT INTO StudentOutcome_CourseOutcome(id, studentOutcomeId, courseOutcomeId, rationale, assessed) VALUES ('23', 'SO-03', '35', 'rationale here', false);
INSERT INTO StudentOutcome_CourseOutcome(id, studentOutcomeId, courseOutcomeId, rationale, assessed) VALUES ('24', 'SO-03', '55', 'rationale here', false);
INSERT INTO StudentOutcome_CourseOutcome(id, studentOutcomeId, courseOutcomeId, rationale, assessed) VALUES ('25', 'SO-03', '57', 'rationale here', false);
INSERT INTO StudentOutcome_CourseOutcome(id, studentOutcomeId, courseOutcomeId, rationale, assessed) VALUES ('26', 'SO-03', '61', 'rationale here', false);
INSERT INTO StudentOutcome_CourseOutcome(id, studentOutcomeId, courseOutcomeId, rationale, assessed) VALUES ('27', 'SO-03', '62', 'rationale here', false);
INSERT INTO StudentOutcome_CourseOutcome(id, studentOutcomeId, courseOutcomeId, rationale, assessed) VALUES ('28', 'SO-03', '67', 'rationale here', false);
INSERT INTO StudentOutcome_CourseOutcome(id, studentOutcomeId, courseOutcomeId, rationale, assessed) VALUES ('29', 'SO-03', '68', 'rationale here', false);
INSERT INTO StudentOutcome_CourseOutcome(id, studentOutcomeId, courseOutcomeId, rationale, assessed) VALUES ('20', 'SO-03', '76', 'rationale here', false);
INSERT INTO StudentOutcome_CourseOutcome(id, studentOutcomeId, courseOutcomeId, rationale, assessed) VALUES ('31', 'SO-03', '77', 'rationale here', false);
INSERT INTO StudentOutcome_CourseOutcome(id, studentOutcomeId, courseOutcomeId, rationale, assessed) VALUES ('32', 'SO-03', '78', 'rationale here', false);
INSERT INTO StudentOutcome_CourseOutcome(id, studentOutcomeId, courseOutcomeId, rationale, assessed) VALUES ('33', 'SO-04', '64', 'rationale here', false);
INSERT INTO StudentOutcome_CourseOutcome(id, studentOutcomeId, courseOutcomeId, rationale, assessed) VALUES ('34', 'SO-05', '72', 'rationale here', false);
INSERT INTO StudentOutcome_CourseOutcome(id, studentOutcomeId, courseOutcomeId, rationale, assessed) VALUES ('35', 'SO-05', '161', 'rationale here', false);
INSERT INTO StudentOutcome_CourseOutcome(id, studentOutcomeId, courseOutcomeId, rationale, assessed) VALUES ('36', 'SO-05', '66', 'rationale here', false);
INSERT INTO StudentOutcome_CourseOutcome(id, studentOutcomeId, courseOutcomeId, rationale, assessed) VALUES ('37', 'SO-06', '37', 'rationale here', false);
INSERT INTO StudentOutcome_CourseOutcome(id, studentOutcomeId, courseOutcomeId, rationale, assessed) VALUES ('38', 'SO-06', '38', 'rationale here', false);
INSERT INTO StudentOutcome_CourseOutcome(id, studentOutcomeId, courseOutcomeId, rationale, assessed) VALUES ('39', 'SO-06', '65', 'rationale here', false);
INSERT INTO StudentOutcome_CourseOutcome(id, studentOutcomeId, courseOutcomeId, rationale, assessed) VALUES ('40', 'SO-07', '160', 'rationale here', false);
INSERT INTO StudentOutcome_CourseOutcome(id, studentOutcomeId, courseOutcomeId, rationale, assessed) VALUES ('41', 'SO-09', '12', 'rationale here', false);
INSERT INTO StudentOutcome_CourseOutcome(id, studentOutcomeId, courseOutcomeId, rationale, assessed) VALUES ('42', 'SO-09', '18', 'rationale here', false);
INSERT INTO StudentOutcome_CourseOutcome(id, studentOutcomeId, courseOutcomeId, rationale, assessed) VALUES ('43', 'SO-09', '19', 'rationale here', false);
INSERT INTO StudentOutcome_CourseOutcome(id, studentOutcomeId, courseOutcomeId, rationale, assessed) VALUES ('44', 'SO-09', '152', 'rationale here', false);
INSERT INTO StudentOutcome_CourseOutcome(id, studentOutcomeId, courseOutcomeId, rationale, assessed) VALUES ('45', 'SO-09', '28', 'rationale here', false);
INSERT INTO StudentOutcome_CourseOutcome(id, studentOutcomeId, courseOutcomeId, rationale, assessed) VALUES ('46', 'SO-09', '56', 'rationale here', false);
INSERT INTO StudentOutcome_CourseOutcome(id, studentOutcomeId, courseOutcomeId, rationale, assessed) VALUES ('47', 'SO-09', '58', 'rationale here', false);
INSERT INTO StudentOutcome_CourseOutcome(id, studentOutcomeId, courseOutcomeId, rationale, assessed) VALUES ('48', 'SO-09', '60', 'rationale here', false);
INSERT INTO StudentOutcome_CourseOutcome(id, studentOutcomeId, courseOutcomeId, rationale, assessed) VALUES ('49', 'SO-09', '154', 'rationale here', false);
INSERT INTO StudentOutcome_CourseOutcome(id, studentOutcomeId, courseOutcomeId, rationale, assessed) VALUES ('50', 'SO-09', '69', 'rationale here', false);
INSERT INTO StudentOutcome_CourseOutcome(id, studentOutcomeId, courseOutcomeId, rationale, assessed) VALUES ('51', 'SO-10', '23', 'rationale here', false);
INSERT INTO StudentOutcome_CourseOutcome(id, studentOutcomeId, courseOutcomeId, rationale, assessed) VALUES ('52', 'SO-10', '34', 'rationale here', false);
INSERT INTO StudentOutcome_CourseOutcome(id, studentOutcomeId, courseOutcomeId, rationale, assessed) VALUES ('53', 'SO-10', '122', 'rationale here', false);
INSERT INTO StudentOutcome_CourseOutcome(id, studentOutcomeId, courseOutcomeId, rationale, assessed) VALUES ('54', 'SO-11', '20', 'rationale here', false);
INSERT INTO StudentOutcome_CourseOutcome(id, studentOutcomeId, courseOutcomeId, rationale, assessed) VALUES ('55', 'SO-11', '27', 'rationale here', false);
INSERT INTO StudentOutcome_CourseOutcome(id, studentOutcomeId, courseOutcomeId, rationale, assessed) VALUES ('56', 'SO-11', '33', 'rationale here', false);
INSERT INTO StudentOutcome_CourseOutcome(id, studentOutcomeId, courseOutcomeId, rationale, assessed) VALUES ('57', 'SO-11', '183', 'rationale here', false);
INSERT INTO StudentOutcome_CourseOutcome(id, studentOutcomeId, courseOutcomeId, rationale, assessed) VALUES ('58', 'SO-11', '59', 'rationale here', false);